CREATE DATABASE  IF NOT EXISTS `simplepos` /*!40100 DEFAULT CHARACTER SET UTF8 */;
USE `simplepos`;
-- MYSQL DUMP 10.13  DISTRIB 5.6.11, FOR WIN32 (X86)
--
-- HOST: LOCALHOST    DATABASE: simplepos
-- ------------------------------------------------------
-- SERVER VERSION	5.6.13

/*!40101 SET @OLD_CHARACTER_SET_CLIENT=@@CHARACTER_SET_CLIENT */;
/*!40101 SET @OLD_CHARACTER_SET_RESULTS=@@CHARACTER_SET_RESULTS */;
/*!40101 SET @OLD_COLLATION_CONNECTION=@@COLLATION_CONNECTION */;
/*!40101 SET NAMES UTF8 */;
/*!40103 SET @OLD_TIME_ZONE=@@TIME_ZONE */;
/*!40103 SET TIME_ZONE='+00:00' */;
/*!40014 SET @OLD_UNIQUE_CHECKS=@@UNIQUE_CHECKS, UNIQUE_CHECKS=0 */;
/*!40014 SET @OLD_FOREIGN_KEY_CHECKS=@@FOREIGN_KEY_CHECKS, FOREIGN_KEY_CHECKS=0 */;
/*!40101 SET @OLD_SQL_MODE=@@SQL_MODE, SQL_MODE='NO_AUTO_VALUE_ON_ZERO' */;
/*!40111 SET @OLD_SQL_NOTES=@@SQL_NOTES, SQL_NOTES=0 */;

--
-- TABLE STRUCTURE FOR TABLE `ADDRESS`
--


--
-- DUMPING DATA FOR TABLE `CASHBOOK`
--

LOCK TABLES `CASHBOOK` WRITE;
/*!40000 ALTER TABLE `CASHBOOK` DISABLE KEYS */;
INSERT INTO `CASHBOOK` (`ID`, `BALANCE`, `CR`, `DR`, `DESCRIPTION`, `BILLSTAT`, `LOGGER_ID`, `LOCATION_ID`) VALUES (1,9120,9120,0,'PURCHASE - GRN-001',NULL,21,1),(2,9120,9120,0,'PURCHASE - A-001',NULL,22,1),(3,9120,9120,0,'PURCHASE - ',NULL,23,1),(4,5000,5000,0,'PURCHASE - LO',NULL,24,1),(5,123,123,0,'PURCHASE - ',NULL,25,1),(6,234,234,0,'PURCHASE - ',NULL,26,2),(7,3500,3500,0,'PURCHASE - IN-2.0',NULL,27,1),(8,30000.5,30000.5,0,'PURCHASE - IN-3.0',NULL,28,1);
/*!40000 ALTER TABLE `CASHBOOK` ENABLE KEYS */;
UNLOCK TABLES;


--
-- DUMPING DATA FOR TABLE `CASHBOOKBALANCE`
--

LOCK TABLES `CASHBOOKBALANCE` WRITE;
/*!40000 ALTER TABLE `CASHBOOKBALANCE` DISABLE KEYS */;
INSERT INTO `CASHBOOKBALANCE` (`ID`, `BANKBALANCE`, `BILLSTATUS`, `CASHBALANCE`, `LOCATION_ID`) VALUES (1,0,0,0,3),(2,0,1,0,3);
/*!40000 ALTER TABLE `CASHBOOKBALANCE` ENABLE KEYS */;
UNLOCK TABLES;


--
-- DUMPING DATA FOR TABLE `COMPANY`
--

LOCK TABLES `COMPANY` WRITE;
/*!40000 ALTER TABLE `COMPANY` DISABLE KEYS */;
INSERT INTO `COMPANY` (`ID`, `COMPANYDESCRIPTION`, `COMPANYNAME`) VALUES (1,'M','MCOMP');
/*!40000 ALTER TABLE `COMPANY` ENABLE KEYS */;
UNLOCK TABLES;


--
-- DUMPING DATA FOR TABLE `CONTACTINFO`
--

LOCK TABLES `CONTACTINFO` WRITE;
/*!40000 ALTER TABLE `CONTACTINFO` DISABLE KEYS */;
/*!40000 ALTER TABLE `CONTACTINFO` ENABLE KEYS */;
UNLOCK TABLES;


--
-- DUMPING DATA FOR TABLE `CUSTOMERBALANCE`
--

LOCK TABLES `CUSTOMERBALANCE` WRITE;
/*!40000 ALTER TABLE `CUSTOMERBALANCE` DISABLE KEYS */;
INSERT INTO `CUSTOMERBALANCE` (`ID`, `BALANCE`, `SUPPLIER_ID`) VALUES (1,58530,1);
/*!40000 ALTER TABLE `CUSTOMERBALANCE` ENABLE KEYS */;
UNLOCK TABLES;



--
-- DUMPING DATA FOR TABLE `CUSTOMERCATEGORY`
--

LOCK TABLES `CUSTOMERCATEGORY` WRITE;
/*!40000 ALTER TABLE `CUSTOMERCATEGORY` DISABLE KEYS */;
INSERT INTO `CUSTOMERCATEGORY` (`ID`, `DESCRIPTION`, `LOGGER_ID`) VALUES (1,'CUSTOMER & SUPPLIER',13);
/*!40000 ALTER TABLE `CUSTOMERCATEGORY` ENABLE KEYS */;
UNLOCK TABLES;


--
-- DUMPING DATA FOR TABLE `CUSTOMERTRANSACTION`
--

LOCK TABLES `CUSTOMERTRANSACTION` WRITE;
/*!40000 ALTER TABLE `CUSTOMERTRANSACTION` DISABLE KEYS */;
INSERT INTO `CUSTOMERTRANSACTION` (`ID`, `BALANCE`, `CR`, `DR`, `DESCRIPTION`, `BILLSTAT`, `LOGGER_ID`, `SUPPLIER_ID`) VALUES (1,9120,0,9120,'GRN - GRN-001',NULL,21,1),(2,0,9120,0,'PAID - GRN-001',NULL,21,1),(3,9120,0,9120,'GRN - A-001',NULL,22,1),(4,0,9120,0,'PAID - A-001',NULL,22,1),(5,9120,0,9120,'GRN - ',NULL,23,1),(6,0,9120,0,'PAID - ',NULL,23,1),(7,23250,0,23250,'GRN - LO',NULL,24,1),(8,18250,5000,0,'PAID - LO',NULL,24,1),(9,57546,0,39296,'GRN - ',NULL,25,1),(10,57423,123,0,'PAID - ',NULL,25,1),(11,57542.5,0,119.5,'GRN - ',NULL,26,1),(12,57308.5,234,0,'PAID - ',NULL,26,1),(13,61146,0,3837.5,'GRN - IN-2.0',NULL,27,1),(14,57646,3500,0,'PAID - IN-2.0',NULL,27,1),(15,88530.5,0,30884.5,'GRN - IN-3.0',NULL,28,1),(16,58530,30000.5,0,'PAID - IN-3.0',NULL,28,1);
/*!40000 ALTER TABLE `CUSTOMERTRANSACTION` ENABLE KEYS */;
UNLOCK TABLES;


--
-- DUMPING DATA FOR TABLE `DESIGN`
--

LOCK TABLES `DESIGN` WRITE;
/*!40000 ALTER TABLE `DESIGN` DISABLE KEYS */;
INSERT INTO `DESIGN` (`ID`, `DESCRIPTION`, `DESIGNCODE`, `DESIGNPREFIX`, `DESIGNPROFITPERC`, `LOGGER_ID`, `PRODUCT_ID`) VALUES (1,'OCTAIN-90','OC-90','OC-90',2.5,NULL,1),(2,'OCTAIN-95','OC-95','OC-95',2.5,NULL,1),(3,'OCTAIN-93','OC-93','OC-93',2.5,NULL,1),(4,'NORMAL DEISEL','LPG-N','LPG-N',2.5,NULL,3),(5,'SUPER DEISEL','LPG-S','LPG-S',2.5,NULL,3);
/*!40000 ALTER TABLE `DESIGN` ENABLE KEYS */;
UNLOCK TABLES;



--
-- DUMPING DATA FOR TABLE `EMPLOYEE`
--

LOCK TABLES `EMPLOYEE` WRITE;
/*!40000 ALTER TABLE `EMPLOYEE` DISABLE KEYS */;
/*!40000 ALTER TABLE `EMPLOYEE` ENABLE KEYS */;
UNLOCK TABLES;



--
-- DUMPING DATA FOR TABLE `EXTRAS`
--

LOCK TABLES `EXTRAS` WRITE;
/*!40000 ALTER TABLE `EXTRAS` DISABLE KEYS */;
/*!40000 ALTER TABLE `EXTRAS` ENABLE KEYS */;
UNLOCK TABLES;


--
-- DUMPING DATA FOR TABLE `GRN`
--

LOCK TABLES `GRN` WRITE;
/*!40000 ALTER TABLE `GRN` DISABLE KEYS */;
INSERT INTO `GRN` (`ID`, `CREDITPERIOD`, `TOTALAMOUNT`, `BILLSTATUS`, `GRNDATE`, `GRNFLAGS`, `GRNNO`, `INVNO`, `PURCHASETYPE`, `SETTLEDAMOUNT`, `LOCATION_ID`, `LOGGER_ID`, `SUPPLIER_ID`) VALUES (1,0,9120,0,'2013-12-22',NULL,'GRN-001','GRN-001',0,0,1,21,1),(2,1,9120,0,'2013-12-22',NULL,'A-001','GRN-001',0,0,1,22,1),(3,1,9120,0,'2013-12-22',NULL,'','GRN-001',0,0,1,23,1),(4,0,23250,0,'2013-12-23',NULL,'LO','A-INV-001F',0,0,1,24,1),(5,0,39296,0,'2013-12-16',NULL,'','G',0,0,1,25,1),(6,0,119.5,0,'2013-12-19',NULL,'','G',NULL,0,2,26,1),(7,0,3837.5,0,'2013-12-02',NULL,'IN-2.0','A-INV-001',0,0,1,27,1),(8,0,30884.5,0,'2013-12-19',NULL,'IN-3.0','A-INV-001F',0,0,1,28,1);
/*!40000 ALTER TABLE `GRN` ENABLE KEYS */;
UNLOCK TABLES;



--
-- DUMPING DATA FOR TABLE `GRNDETAILS`
--

LOCK TABLES `GRNDETAILS` WRITE;
/*!40000 ALTER TABLE `GRNDETAILS` DISABLE KEYS */;
INSERT INTO `GRNDETAILS` (`ID`, `GRNITEMCOST`, `GRNITEMDISCOUNTPERC`, `GRNQTY`, `RELATEDGRN_ID`, `GRNITEM_ID`) VALUES (1,152,0,60,1,1),(2,152,0,60,2,1),(3,152,0,60,3,1),(4,155,0,150,4,2),(5,153.5,0,256,5,3),(6,119.5,0,1,6,4),(7,153.5,0,25,7,3),(8,153.5,0,100,8,3),(9,121.5,0,78,8,5),(10,119.5,0,25,8,4),(11,155,0,10,8,2),(12,152,0,10,8,1);
/*!40000 ALTER TABLE `GRNDETAILS` ENABLE KEYS */;
UNLOCK TABLES;


--
-- DUMPING DATA FOR TABLE `GRNPAYMENTDETAILS`
--

LOCK TABLES `GRNPAYMENTDETAILS` WRITE;
/*!40000 ALTER TABLE `GRNPAYMENTDETAILS` DISABLE KEYS */;
INSERT INTO `GRNPAYMENTDETAILS` (`ID`, `CASHAMOUNT`, `CHEQUEAMOUNT`, `CREDITCARDAMOUNT`, `TOTALAMOUNT`, `LOGGER_ID`, `RELATEDGRN_ID`) VALUES (1,9120,0,0,9120,21,1),(2,9120,0,0,9120,22,2),(3,9120,0,0,9120,23,3),(4,5000,0,0,23250,24,4),(5,123,0,0,39296,25,5),(6,234,0,0,119.5,26,6),(7,3500,0,0,3837.5,27,7),(8,30000.5,0,0,30884.5,28,8);
/*!40000 ALTER TABLE `GRNPAYMENTDETAILS` ENABLE KEYS */;
UNLOCK TABLES;



--
-- DUMPING DATA FOR TABLE `INVOICE`
--

LOCK TABLES `INVOICE` WRITE;
/*!40000 ALTER TABLE `INVOICE` DISABLE KEYS */;
/*!40000 ALTER TABLE `INVOICE` ENABLE KEYS */;
UNLOCK TABLES;


--
-- DUMPING DATA FOR TABLE `INVOICEDETAILS`
--

LOCK TABLES `INVOICEDETAILS` WRITE;
/*!40000 ALTER TABLE `INVOICEDETAILS` DISABLE KEYS */;
/*!40000 ALTER TABLE `INVOICEDETAILS` ENABLE KEYS */;
UNLOCK TABLES;


--
-- DUMPING DATA FOR TABLE `ITEMBINCARD`
--

LOCK TABLES `ITEMBINCARD` WRITE;
/*!40000 ALTER TABLE `ITEMBINCARD` DISABLE KEYS */;
INSERT INTO `ITEMBINCARD` (`ID`, `BALANCE`, `DESCRIPTION`, `QTY`, `TRNNUMBER`, `BILLSTAT`, `ITEM_ID`, `LOG_ID`) VALUES (1,60,'GOOD RECEIVED NOTE - GRN-001',60,'GRN-001',NULL,1,21),(2,120,'GOOD RECEIVED NOTE - A-001',60,'GRN-001',NULL,1,22),(3,180,'GOOD RECEIVED NOTE - ',60,'GRN-001',NULL,1,23),(4,150,'GOOD RECEIVED NOTE - LO',150,'A-INV-001F',NULL,2,24),(5,256,'GOOD RECEIVED NOTE - ',256,'G',NULL,3,25),(6,1,'GOOD RECEIVED NOTE - ',1,'G',NULL,4,26),(7,281,'GOOD RECEIVED NOTE - IN-2.0',25,'A-INV-001',NULL,3,27),(8,190,'GOOD RECEIVED NOTE - IN-3.0',10,'A-INV-001F',NULL,1,28),(9,160,'GOOD RECEIVED NOTE - IN-3.0',10,'A-INV-001F',NULL,2,28),(10,26,'GOOD RECEIVED NOTE - IN-3.0',25,'A-INV-001F',NULL,4,28),(11,78,'GOOD RECEIVED NOTE - IN-3.0',78,'A-INV-001F',NULL,5,28),(12,381,'GOOD RECEIVED NOTE - IN-3.0',100,'A-INV-001F',NULL,3,28);
/*!40000 ALTER TABLE `ITEMBINCARD` ENABLE KEYS */;
UNLOCK TABLES;



--
-- DUMPING DATA FOR TABLE `ITEMS`
--

LOCK TABLES `ITEMS` WRITE;
/*!40000 ALTER TABLE `ITEMS` DISABLE KEYS */;
INSERT INTO `ITEMS` (`ID`, `ITEMBARCODE`, `ITEMCODE`, `ITEMCOST`, `ITEMDESCRIPTION`, `ITEMNAME`, `REORDERLEVEL`, `UNITPRICE`, `ITEMDESIGN_ID`, `ITEMLOCATION_ID`, `ITEMPRODUCT_ID`, `ITEMSUPPLIER_ID`, `LOGGER_ID`) VALUES (1,'P-1012545','P-TANK-90',152,'PETROL 90 OCT','PETROL 90 OCT',10,162,1,1,1,1,16),(2,'P-1012546','P-TANK-95',155,'PETROL 95 OCT','PETROL 95 OCT',10,170,2,1,1,1,17),(3,'P-1012547','P-TANK-93',153.5,'PETROL 93 OCT - EXTRA PREMIUM','PETROL 93 OCT - EXTRA PREMIUM',10,167,3,1,1,1,18),(4,'D-1012001','D-TANK-N',119.5,'DEISEL NORMAL','DEISEL NORMAL',10,125,4,1,3,1,19),(5,'D-1012002','D-TANK-S',121.5,'DEISEL SUPER','DEISEL SUPER',10,130,5,1,3,1,20);
/*!40000 ALTER TABLE `ITEMS` ENABLE KEYS */;
UNLOCK TABLES;


--
-- DUMPING DATA FOR TABLE `JOB`
--

LOCK TABLES `JOB` WRITE;
/*!40000 ALTER TABLE `JOB` DISABLE KEYS */;
/*!40000 ALTER TABLE `JOB` ENABLE KEYS */;
UNLOCK TABLES;



--
-- DUMPING DATA FOR TABLE `LOCATION`
--

LOCK TABLES `LOCATION` WRITE;
/*!40000 ALTER TABLE `LOCATION` DISABLE KEYS */;
INSERT INTO `LOCATION` (`ID`, `CODE`, `DESCRIPTION`, `LOGGER_ID`) VALUES (1,'J','JA ELA',5),(2,'C','COLOMBO',9),(3,'B','BATHARAMULLA',15);
/*!40000 ALTER TABLE `LOCATION` ENABLE KEYS */;
UNLOCK TABLES;



--
-- DUMPING DATA FOR TABLE `LOGGER`
--

LOCK TABLES `LOGGER` WRITE;
/*!40000 ALTER TABLE `LOGGER` DISABLE KEYS */;
INSERT INTO `LOGGER` (`ID`, `DESCRIPTION`, `TRNNUMBER`, `TRNTIMESTAMP`, `TRNTYPE`, `TERMINAL_ID`, `USER_ID`) VALUES (1,'USER CREATED','USER','2012-01-01 00:00:00','USER',1,1),(2,'CREATE CUSTOMER CATEGORY','','2013-12-02 09:45:45','CUSTOMERCAT',1,1),(3,'CREATE CUSTOMER CATEGORY','','2013-12-02 09:45:46','CUSTOMERCAT',1,1),(4,'CREATE SUPPLIER','DFSDF','2013-12-02 09:46:22','SUPPLIER',1,1),(5,'CREATE LOCATION','M','2013-12-02 09:46:39','LOCATION',1,1),(6,'CREATE ITEM','M!02','2013-12-02 09:48:04','ITEM',1,1),(7,'GOOD RECEIVED NOTE','A-001','2013-12-02 09:53:21','GRN',1,1),(8,'GOOD RECEIVED NOTE','','2013-12-02 09:53:53','GRN',1,1),(9,'CREATE LOCATION','SD','2013-12-02 10:04:48','LOCATION',1,1),(10,'CREATE ITEM','34234','2013-12-02 10:05:50','ITEM',1,1),(11,'GOOD RECEIVED NOTE','A-002','2013-12-02 10:06:20','GRN',1,1),(12,'CREATE EMPLOYEE ','','2013-12-02 10:11:45','EMPLOYEE',1,1),(13,'CREATE CUSTOMER CATEGORY','','2013-12-22 11:14:20','CUSTOMERCAT',1,1),(14,'CREATE SUPPLIER','PETROLIUM COMPANY','2013-12-22 11:17:21','SUPPLIER',1,1),(15,'CREATE LOCATION','B','2013-12-22 11:20:50','LOCATION',1,1),(16,'CREATE ITEM','P-TANK-90','2013-12-22 11:44:03','ITEM',1,1),(17,'CREATE ITEM','P-TANK-95','2013-12-22 11:44:25','ITEM',1,1),(18,'CREATE ITEM','P-TANK-93','2013-12-22 11:45:17','ITEM',1,1),(19,'CREATE ITEM','D-TANK-N','2013-12-22 11:46:30','ITEM',1,1),(20,'CREATE ITEM','D-TANK-S','2013-12-22 11:46:56','ITEM',1,1),(21,'GOOD RECEIVED NOTE','GRN-001','2013-12-22 11:49:21','GRN',1,1),(22,'GOOD RECEIVED NOTE','A-001','2013-12-22 11:52:52','GRN',1,1),(23,'GOOD RECEIVED NOTE','','2013-12-22 11:53:00','GRN',1,1),(24,'GOOD RECEIVED NOTE','LO','2013-12-22 12:00:53','GRN',1,1),(25,'GOOD RECEIVED NOTE','','2013-12-22 12:10:45','GRN',1,1),(26,'GOOD RECEIVED NOTE','','2013-12-22 12:14:51','GRN',1,1),(27,'GOOD RECEIVED NOTE','IN-2.0','2013-12-24 03:58:12','GRN',1,1),(28,'GOOD RECEIVED NOTE','IN-3.0','2013-12-26 22:43:42','GRN',1,1);
/*!40000 ALTER TABLE `LOGGER` ENABLE KEYS */;
UNLOCK TABLES;


--
-- DUMPING DATA FOR TABLE `PAYMENTDETAILS`
--

LOCK TABLES `PAYMENTDETAILS` WRITE;
/*!40000 ALTER TABLE `PAYMENTDETAILS` DISABLE KEYS */;
/*!40000 ALTER TABLE `PAYMENTDETAILS` ENABLE KEYS */;
UNLOCK TABLES;


--
-- DUMPING DATA FOR TABLE `PRODUCT`
--

LOCK TABLES `PRODUCT` WRITE;
/*!40000 ALTER TABLE `PRODUCT` DISABLE KEYS */;
INSERT INTO `PRODUCT` (`ID`, `PRODCODE`, `PRODUCTDESCRIPTION`, `PRODUCTPREFIX`, `PROFITPERC`, `LOGGER_ID`) VALUES (1,'PET01','PETROL','PETROL',25,NULL),(2,'PET01','PETROL','DEI',25,NULL),(3,'LPG01','DEISEL','DEISEL',15,NULL),(4,'OIL01','OIL','OIL',10,NULL),(5,'O01','OTHER','OTHER',2.5,NULL);
/*!40000 ALTER TABLE `PRODUCT` ENABLE KEYS */;
UNLOCK TABLES;



--
-- DUMPING DATA FOR TABLE `PROPERTIES`
--

LOCK TABLES `PROPERTIES` WRITE;
/*!40000 ALTER TABLE `PROPERTIES` DISABLE KEYS */;
/*!40000 ALTER TABLE `PROPERTIES` ENABLE KEYS */;
UNLOCK TABLES;



--
-- DUMPING DATA FOR TABLE `PROPERTYMANAGER`
--

LOCK TABLES `PROPERTYMANAGER` WRITE;
/*!40000 ALTER TABLE `PROPERTYMANAGER` DISABLE KEYS */;
/*!40000 ALTER TABLE `PROPERTYMANAGER` ENABLE KEYS */;
UNLOCK TABLES;



--
-- DUMPING DATA FOR TABLE `PROPERTYVALUES`
--

LOCK TABLES `PROPERTYVALUES` WRITE;
/*!40000 ALTER TABLE `PROPERTYVALUES` DISABLE KEYS */;
/*!40000 ALTER TABLE `PROPERTYVALUES` ENABLE KEYS */;
UNLOCK TABLES;


--
-- DUMPING DATA FOR TABLE `PURCHASERETURN`
--

LOCK TABLES `PURCHASERETURN` WRITE;
/*!40000 ALTER TABLE `PURCHASERETURN` DISABLE KEYS */;
/*!40000 ALTER TABLE `PURCHASERETURN` ENABLE KEYS */;
UNLOCK TABLES;



--
-- DUMPING DATA FOR TABLE `PURCHASERETURNDETAILS`
--

LOCK TABLES `PURCHASERETURNDETAILS` WRITE;
/*!40000 ALTER TABLE `PURCHASERETURNDETAILS` DISABLE KEYS */;
/*!40000 ALTER TABLE `PURCHASERETURNDETAILS` ENABLE KEYS */;
UNLOCK TABLES;


--
-- DUMPING DATA FOR TABLE `RULES`
--

LOCK TABLES `RULES` WRITE;
/*!40000 ALTER TABLE `RULES` DISABLE KEYS */;
/*!40000 ALTER TABLE `RULES` ENABLE KEYS */;
UNLOCK TABLES;



--
-- DUMPING DATA FOR TABLE `SEQUENCE`
--

LOCK TABLES `SEQUENCE` WRITE;
/*!40000 ALTER TABLE `SEQUENCE` DISABLE KEYS */;
INSERT INTO `SEQUENCE` (`SEQ_NAME`, `SEQ_COUNT`) VALUES ('SEQ_GEN',0);
/*!40000 ALTER TABLE `SEQUENCE` ENABLE KEYS */;
UNLOCK TABLES;


--
-- DUMPING DATA FOR TABLE `STOCK`
--

LOCK TABLES `STOCK` WRITE;
/*!40000 ALTER TABLE `STOCK` DISABLE KEYS */;
INSERT INTO `STOCK` (`ID`, `STOCKQTY`, `SOCKITEM_ID`, `STOCKLOCATION_ID`) VALUES (1,190,1,1),(2,160,2,1),(3,381,3,1),(4,26,4,1),(5,78,5,1);
/*!40000 ALTER TABLE `STOCK` ENABLE KEYS */;
UNLOCK TABLES;



--
-- DUMPING DATA FOR TABLE `SUPPLIER`
--

LOCK TABLES `SUPPLIER` WRITE;
/*!40000 ALTER TABLE `SUPPLIER` DISABLE KEYS */;
INSERT INTO `SUPPLIER` (`ID`, `ADDRESSSTATE`, `CITY`, `EMAILADDRESS`, `FAX`, `MOBILE`, `PHONE`, `STREET`, `URL`, `ZIPCODE`, `CREDITLIMIT`, `CUSTCODE`, `CUSTNIC`, `FIRSTNAME`, `INACTIVE`, `LASTNAME`, `LOGGER_ID`, `CUSTCATEGORY_ID`, `EXTRA_ID`) VALUES (1,'','','','','0777117477','','','','',75000,'C-001','1','PETROLIUM COMPANY',0,'CEPETCO',14,1,NULL);
/*!40000 ALTER TABLE `SUPPLIER` ENABLE KEYS */;
UNLOCK TABLES;


--
-- DUMPING DATA FOR TABLE `SYSTEMNUMBERS`
--

LOCK TABLES `SYSTEMNUMBERS` WRITE;
/*!40000 ALTER TABLE `SYSTEMNUMBERS` DISABLE KEYS */;
INSERT INTO `SYSTEMNUMBERS` (`ID`, `DOCUMENT`, `DOCUMENTPREFIX`, `SYSTEMNUMBER`, `RELATEDLOCATION_ID`, `RELATEDCOMPANY_ID`) VALUES (1,'INVOICE','AH',1,1,1),(2,'GOOD_RECEIPT_NOTE','IN',3,1,1),(3,'GOOD_RECEIPT_NOTE','WR',2,2,1);
/*!40000 ALTER TABLE `SYSTEMNUMBERS` ENABLE KEYS */;
UNLOCK TABLES;



--
-- DUMPING DATA FOR TABLE `SYSTEMS`
--

LOCK TABLES `SYSTEMS` WRITE;
/*!40000 ALTER TABLE `SYSTEMS` DISABLE KEYS */;
INSERT INTO `SYSTEMS` (`ID`, `HEADER`, `ISGRNNUMBERAUTOGENARATED`, `RELATEDLOCATION_ID`, `RELATEDCOMPANY_ID`) VALUES (1,'ALPHA',1,1,1),(2,'ASFSAF',1,2,1);
/*!40000 ALTER TABLE `SYSTEMS` ENABLE KEYS */;
UNLOCK TABLES;


--
-- DUMPING DATA FOR TABLE `TERMINAL`
--

LOCK TABLES `TERMINAL` WRITE;
/*!40000 ALTER TABLE `TERMINAL` DISABLE KEYS */;
INSERT INTO `TERMINAL` (`ID`, `TERMINALCODE`, `TERMINALIP`, `TERMINALNAME`, `LOGGER_ID`) VALUES (1,'1','127.0.0.1','D',1);
/*!40000 ALTER TABLE `TERMINAL` ENABLE KEYS */;
UNLOCK TABLES;



--
-- DUMPING DATA FOR TABLE `USERX`
--

LOCK TABLES `USERX` WRITE;
/*!40000 ALTER TABLE `USERX` DISABLE KEYS */;
INSERT INTO `USERX` (`ID`, `PASSWORD`, `USERLEVEL`, `USERNAME`, `LOGGER_ID`, `ASSOCIATEDCOMPANY_ID`) VALUES (1,'123','ADMIN','MIHINDU',1,1);
/*!40000 ALTER TABLE `USERX` ENABLE KEYS */;
UNLOCK TABLES;
/*!40103 SET TIME_ZONE=@OLD_TIME_ZONE */;

/*!40101 SET SQL_MODE=@OLD_SQL_MODE */;
/*!40014 SET FOREIGN_KEY_CHECKS=@OLD_FOREIGN_KEY_CHECKS */;
/*!40014 SET UNIQUE_CHECKS=@OLD_UNIQUE_CHECKS */;
/*!40101 SET CHARACTER_SET_CLIENT=@OLD_CHARACTER_SET_CLIENT */;
/*!40101 SET CHARACTER_SET_RESULTS=@OLD_CHARACTER_SET_RESULTS */;
/*!40101 SET COLLATION_CONNECTION=@OLD_COLLATION_CONNECTION */;
/*!40111 SET SQL_NOTES=@OLD_SQL_NOTES */;

-- DUMP COMPLETED ON 2013-12-26 23:31:17
